,nome,imagem,coordenadas,localidade,informação,data_criacao
0,Museu de História Natural e da Ciência da Universidade do Porto,http://commons.wikimedia.org/wiki/Special:FilePath/Galeria%20da%20Biodiversidade%20%2826%29.jpg,Point(-8.615649 41.146823),Porto,http://www.google.com/search?q=Museu%20de%20História%20Natural%20e%20da%20Ciência%20da%20Universidade%20do%20Porto,Desconhecida
1,Casa-Museu Carlos Relvas,http://commons.wikimedia.org/wiki/Special:FilePath/Casa-est%C3%BAdio%20Carlos%20Relvas%20-%20Goleg%C3%A3%20-%20Portugal%20%286522571525%29.jpg,Point(-8.488561111 39.402202777),Golegã,http://www.google.com/search?q=Casa-Museu%20Carlos%20Relvas,Desconhecida
2,Igreja Matriz de Castro Verde,http://commons.wikimedia.org/wiki/Special:FilePath/Igreja%20Matriz%20de%20Castro%20Verde%20-%20Portugal%20%2810251527113%29%20%28cropped%29.jpg,Point(-8.081913 37.69781),Castro Verde e Casével,http://www.google.com/search?q=Igreja%20Matriz%20de%20Castro%20Verde,1573-01-01T00:00:00Z
3,Igreja Matriz de Castro Verde,http://commons.wikimedia.org/wiki/Special:FilePath/Igreja%20Matriz%20de%20Castro%20Verde%20-%20Portugal%20%2810251527113%29%20%28cropped%29.jpg,Point(-8.081913 37.69781),Castro Verde e Casével,http://www.google.com/search?q=Igreja%20Matriz%20de%20Castro%20Verde,1735-01-01T00:00:00Z
4,Solar dos Goulões,http://commons.wikimedia.org/wiki/Special:FilePath/Museu%20do%20Canteiro.jpg,Point(-7.454775 39.915077),Alcains,http://www.google.com/search?q=Solar%20dos%20Goulões,Desconhecida
5,Edifício do Compromisso Marítimo,http://commons.wikimedia.org/wiki/Special:FilePath/Museu%20Municipal%20em%20Olh%C3%A3o%2002.jpg,Point(-7.841077 37.025962),Olhão,http://www.google.com/search?q=Edifício%20do%20Compromisso%20Marítimo,Desconhecida
6,Palácio Azurara,http://commons.wikimedia.org/wiki/Special:FilePath/Museu%20Artes%20Decorativas.jpg,Point(-9.130605 38.712039),Santa Maria Maior,http://www.google.com/search?q=Palácio%20Azurara,Desconhecida
7,Museu do Oriente,http://commons.wikimedia.org/wiki/Special:FilePath/Museu%20do%20Oriente.jpg,Point(-9.170574 38.702899),Alcântara,http://www.museudooriente.pt/,Desconhecida
8,Igreja de Santa Maria (Santa Maria de Marvão),http://commons.wikimedia.org/wiki/Special:FilePath/Marv%C3%A3o%20Santa%20Maria%20957.jpg,Point(-7.378381 39.394588),Santa Maria de Marvão,http://www.google.com/search?q=Igreja%20de%20Santa%20Maria%20(Santa%20Maria%20de%20Marvão),Desconhecida
9,"Estação ferroviária e edifício da Cocheira de Carruagens, atuais instalações do Núcleo Museológico de Santarém do Museu Nacional Ferroviário",http://commons.wikimedia.org/wiki/Special:FilePath/Esta%C3%A7%C3%A3o%20de%20Santar%C3%A9m%20%285012337474%29.jpg,Point(-8.675119 39.242131),"Santarém (Marvila), Santa Iria da Ribeira de Santarém, Santarém (São Salvador) e Santarém (São Nicolau)","http://www.google.com/search?q=Estação%20ferroviária%20e%20edifício%20da%20Cocheira%20de%20Carruagens,%20atuais%20instalações%20do%20Núcleo%20Museológico%20de%20Santarém%20do%20Museu%20Nacional%20Ferroviário",Desconhecida
10,Igreja da Misericórdia de Alcochete,http://commons.wikimedia.org/wiki/Special:FilePath/Igreja%20da%20Miseric%C3%B3rdia%20-%20Alcochete%20-%20Portugal%20%282060851596%29.jpg,Point(-8.963708 38.756016),Alcochete,http://www.google.com/search?q=Igreja%20da%20Misericórdia%20de%20Alcochete,Desconhecida
11,Casa Museu Fernando Namora,http://commons.wikimedia.org/wiki/Special:FilePath/Casa%20Museu%20Fernando%20Namora.JPG,Point(-8.499624 40.112662),Condeixa-a-Velha e Condeixa-a-Nova,http://www.google.com/search?q=Casa%20Museu%20Fernando%20Namora,Desconhecida
12,"Fábrica do Inglês, Silves",http://commons.wikimedia.org/wiki/Special:FilePath/Silves%20-%20F%C3%A1brica%20do%20Ingl%C3%AAs%20%282%29.jpg,Point(-8.435454 37.190442),Silves,"http://www.google.com/search?q=Fábrica%20do%20Inglês,%20Silves",Desconhecida
13,Museu Municipal do Crato,http://commons.wikimedia.org/wiki/Special:FilePath/Crato%20%28144197216%29.jpg,Point(-7.645657 39.285482),Crato,http://www.google.com/search?q=Museu%20Municipal%20do%20Crato,Desconhecida
14,Casa da Cultura de Elvas,http://commons.wikimedia.org/wiki/Special:FilePath/31200-Elvas%20%2848749242607%29.jpg,Point(-7.163758 38.88026),"Caia, São Pedro e Alcáçova",http://www.google.com/search?q=Casa%20da%20Cultura%20de%20Elvas,Desconhecida
15,Museu da Sociedade Martins Sarmento,http://commons.wikimedia.org/wiki/Special:FilePath/0%20Soc%20Martins%20Sarmento%20IMG%202453.jpg,Point(-8.296447 41.442782),"Oliveira, São Paio e São Sebastião",http://www.google.com/search?q=Museu%20da%20Sociedade%20Martins%20Sarmento,Desconhecida
16,Casa da Cultura de Marvão,http://commons.wikimedia.org/wiki/Special:FilePath/Marv%C3%A3o%20-%20Portugal%20%2846147650315%29.jpg,Point(-7.376339 39.394166),Marvão,http://www.google.com/search?q=Casa%20da%20Cultura%20de%20Marvão,Desconhecida
17,Conjunto constituido pela Igreja de Santo António de Frades Capuchos e pela Igreja da Ordem Terceira de São Francisco,http://commons.wikimedia.org/wiki/Special:FilePath/Igreja%20da%20Ordem%20dos%20Terceiros%20de%20Santo%20Ant%C3%B3nio%20-%20Ponte%20de%20Lima%20-%20Portugal%20%2818706141216%29.jpg,Point(-8.586994444 41.764711111),Arca e Ponte de Lima,http://www.google.com/search?q=Conjunto%20constituido%20pela%20Igreja%20de%20Santo%20António%20de%20Frades%20Capuchos%20e%20pela%20Igreja%20da%20Ordem%20Terceira%20de%20São%20Francisco,Desconhecida
18,Centro de Memória (Vila do Conde),http://commons.wikimedia.org/wiki/Special:FilePath/Centro%20de%20Mem%C3%B3ria%20%28Vila%20do%20Conde%29%2002.jpg,Point(-8.741886 41.357253),Vila do Conde,http://www.google.com/search?q=Centro%20de%20Memória%20(Vila%20do%20Conde),Desconhecida
19,Centro de Educação Ambiental (Torres Vedras),http://commons.wikimedia.org/wiki/Special:FilePath/Centro%20de%20Educa%C3%A7%C3%A3o%20Ambiental%20-%20Torres%20Vedras%20-%20Portugal%20%2839619617351%29.jpg,Point(-9.263948 39.085602),"Santa Maria, São Pedro e Matacães",http://www.google.com/search?q=Centro%20de%20Educação%20Ambiental%20(Torres%20Vedras),2004-01-01T00:00:00Z
20,Casa do Corpo Santo,http://commons.wikimedia.org/wiki/Special:FilePath/Casa%20do%20Corpo%20Santo%20-%20Set%C3%BAbal%20-%20Portugal%20%2849732408332%29.jpg,Point(-8.88788 38.524722),"Setúbal (São Julião, Nossa Senhora da Anunciada e Santa Maria da Graça)",http://www.google.com/search?q=Casa%20do%20Corpo%20Santo,Desconhecida
21,"Municipal museum of archaeology, Albufeira",http://commons.wikimedia.org/wiki/Special:FilePath/2017-11-07%20A%20canon%20barrel%20recovered%20from%20the%20sea%20near%20Albufeira%2C%20Municipal%20Archaeology%20Museum.JPG,Point(-8.25216 37.087084),Albufeira e Olhos de Água,"http://www.google.com/search?q=Municipal%20museum%20of%20archaeology,%20Albufeira",Desconhecida
22,Centro Interpretativo do Mosteiro de Santa Clara-a-Velha,http://commons.wikimedia.org/wiki/Special:FilePath/Centro%20Interpretativo%20do%20Mosteiro%20de%20Santa%20Clara-a-Velha%2002.jpg,Point(-8.432311 40.201401),Coimbra,http://www.google.com/search?q=Centro%20Interpretativo%20do%20Mosteiro%20de%20Santa%20Clara-a-Velha,Desconhecida
23,Museu Municipal Leonel Trindade de Torres Vedras,http://commons.wikimedia.org/wiki/Special:FilePath/Museum-Torres-Vedras-2008.JPG,Point(-9.259106 39.090271),"Santa Maria, São Pedro e Matacães",http://www.google.com/search?q=Museu%20Municipal%20Leonel%20Trindade%20de%20Torres%20Vedras,Desconhecida
24,Casa da Memória da Presença Judaica em Castelo Branco,http://commons.wikimedia.org/wiki/Special:FilePath/Casa%20da%20Mem%C3%B3ria%20da%20Presen%C3%A7a%20Judaica%20em%20Castelo%20Branco%20-%20Portugal%20%2849239799163%29.jpg,Point(-7.492898 39.82721),Castelo Branco,http://www.casadamemoriajudaica.com/,Desconhecida
25,Museu do Vinho do Porto,http://commons.wikimedia.org/wiki/Special:FilePath/CRAT%201%20%28Porto%29.JPG,Point(-8.615122222 41.140141666),"Cedofeita, Santo Ildefonso, Sé, Miragaia, São Nicolau e Vitória",http://visitasvirtuais.cm-porto.pt/mvp_ec.php,Desconhecida
26,CIART Centro de Interpretação de Arte Rupestre do Vale do Tejo,http://commons.wikimedia.org/wiki/Special:FilePath/Pelourinho%20de%20Vila%20Velha%20de%20R%C3%B3d%C3%A3o%2002.jpg,Point(-7.677732 39.65863),Vila Velha de Ródão,http://www.google.com/search?q=CIART%20Centro%20de%20Interpretação%20de%20Arte%20Rupestre%20do%20Vale%20do%20Tejo,Desconhecida
27,Museu dos Têxteis MUTEX,http://commons.wikimedia.org/wiki/Special:FilePath/Museu%20dos%20Texteis%20-%20MUTEX%2010.jpg,Point(-7.571021 39.750273),Cebolais de Cima e Retaxo,http://www.google.com/search?q=Museu%20dos%20Têxteis%20MUTEX,Desconhecida
28,Casa dos Nichos,http://commons.wikimedia.org/wiki/Special:FilePath/Casa%20dos%20Nichos%20in%20Viana%20do%20Castelo%20%282%29.jpg,Point(-8.827742 41.691856),Viana do Castelo (Santa Maria Maior e Monserrate) e Meadela,http://www.google.com/search?q=Casa%20dos%20Nichos,Desconhecida
29,Museu da Escola (Ribeira de Pena),http://commons.wikimedia.org/wiki/Special:FilePath/Museu%20da%20Escola%20%28Ribeira%20de%20Pena%29%20%283%29.jpg,Point(-7.793638888 41.519361111),Ribeira de Pena,https://cm-rpena.pt/ecomuseu/?id=5,2016-08-04T00:00:00Z
30,Museu do Volfrâmio,http://commons.wikimedia.org/wiki/Special:FilePath/Museu%20do%20Volfr%C3%A2mio%20%281%29.jpg,Point(-7.846916666 41.472305555),Cerva e Limões,https://www.ecomuseu-rpena.pt/museu-do-volframio/,2016-06-29T00:00:00Z
31,Museu de Aveiro,http://commons.wikimedia.org/wiki/Special:FilePath/Mosteiro%20de%20Jesus%20-%20museu%20de%20Aveiro.jpg,Point(-8.651106 40.639425),Glória e Vera Cruz,http://www.google.com/search?q=Museu%20de%20Aveiro,1911-01-01T00:00:00Z
32,Museu Francisco Tavares Proença Júnior,http://commons.wikimedia.org/wiki/Special:FilePath/Castelo%20Branco%20April%202015-1a.jpg,Point(-7.494199 39.828309),Castelo Branco,http://www.google.com/search?q=Museu%20Francisco%20Tavares%20Proença%20Júnior,1910-01-01T00:00:00Z
33,Museu do Combatente,http://commons.wikimedia.org/wiki/Special:FilePath/Forte%20do%20Bom%20Sucesso%2033126-Lisbon%20%2835511203234%29.jpg,Point(-9.217451 38.692345),Belém,http://www.google.com/search?q=Museu%20do%20Combatente,2003-01-01T00:00:00Z
34,Museu de Leiria,http://commons.wikimedia.org/wiki/Special:FilePath/Museu%20de%20Leiria%20and%20Convento%20de%20St.%C2%BA%20Agostinho.jpg,Point(-8.802572 39.741782),"Leiria, Pousos, Barreira e Cortes",http://www.google.com/search?q=Museu%20de%20Leiria,1917-01-01T00:00:00Z
35,Museu do Oriente,http://commons.wikimedia.org/wiki/Special:FilePath/Museu%20do%20Oriente.jpg,Point(-9.17063233 38.70303507),Alcântara,http://www.museudooriente.pt/261/the-oriente-museum.htm#.X9FAsdj7RPY,2008-01-01T00:00:00Z
36,Museu Diocesano de Santarém,http://commons.wikimedia.org/wiki/Special:FilePath/Igreja%20de%20Nossa%20Senhora%20da%20Concei%C3%A7%C3%A3o%20do%20Col%C3%A9gio%20dos%20Jesu%C3%ADtas%2001.jpg,Point(-8.685175542 39.237290872),"Santarém (Marvila), Santa Iria da Ribeira de Santarém, Santarém (São Salvador) e Santarém (São Nicolau)",http://www.museudiocesanodesantarem.pt/home/,2013-01-01T00:00:00Z
37,Teatro Clube de Esposende,http://commons.wikimedia.org/wiki/Special:FilePath/Museu%20de%20Esposende.JPG,Point(-8.780919 41.530726),"Esposende, Marinhas e Gandra",http://www.google.com/search?q=Teatro%20Clube%20de%20Esposende,Desconhecida
38,Calouste Gulbenkian Museum,http://commons.wikimedia.org/wiki/Special:FilePath/Museo%20Calouste%20Gulbenkian.jpg,Point(-9.154166666 38.736666666),Lisbon,https://gulbenkian.pt/museu/en/,1960-01-01T00:00:00Z
39,Museu Nacional de Arte Antiga,http://commons.wikimedia.org/wiki/Special:FilePath/MNAA.jpg,Point(-9.161813 38.704626),Estrela,http://mnaa.imc-ip.pt,1884-01-01T00:00:00Z
40,Museu do Caramulo,http://commons.wikimedia.org/wiki/Special:FilePath/Portugal%20Caramulo%20Museumsgeb%C3%A4ude.JPG,Point(-8.171719 40.569814),Guardão,http://www.museu-caramulo.net,1959-01-01T00:00:00Z
41,Fábrica de Porcelanas Vista Alegre,http://commons.wikimedia.org/wiki/Special:FilePath/Vista%20alegre.jpg,Point(-8.683741 40.589181),Ílhavo (São Salvador),http://www.myvistaalegre.com/,1824-01-01T00:00:00Z
42,Palácio Nacional de Mafra,http://commons.wikimedia.org/wiki/Special:FilePath/Mafra%20May%202013-2.jpg,Point(-9.326395 38.936922),Mafra,http://www.google.com/search?q=Palácio%20Nacional%20de%20Mafra,Desconhecida
43,Sé Nova de Coimbra,http://commons.wikimedia.org/wiki/Special:FilePath/S%C3%A9%20Nova%20de%20Coimbra%20-%20Fachada%20principal%20%282%29.jpg,Point(-8.424444 40.209444),"Coimbra (Sé Nova, Santa Cruz, Almedina e São Bartolomeu)",http://www.google.com/search?q=Sé%20Nova%20de%20Coimbra,1640-01-01T00:00:00Z
44,Paço Episcopal do Porto,http://commons.wikimedia.org/wiki/Special:FilePath/Paco%20Episcopal%20%28Porto%29.JPG,Point(-8.6116 41.142),"Cedofeita, Santo Ildefonso, Sé, Miragaia, São Nicolau e Vitória",http://www.google.com/search?q=Paço%20Episcopal%20do%20Porto,Desconhecida
45,Museu da Electricidade,http://commons.wikimedia.org/wiki/Special:FilePath/Pla%C3%A7a%20del%20carb%C3%B3.JPG,Point(-9.196111111 38.695555555),Lisbon,https://www.fundacaoedp.pt,1990-01-01T00:00:00Z
46,Museu de Marinha de Lisboa,http://commons.wikimedia.org/wiki/Special:FilePath/2002-10-26%2011-15%20%28Andalusien%20%26%20Lissabon%20268%29%20Lissabon%2C%20Bel%C3%A9m%2C%20Mosteiro%20dos%20Jer%C3%B3nimos.jpg,Point(-9.20813889 38.69709722),Lisbon,https://ccm.marinha.pt/pt/museu,1863-01-01T00:00:00Z
47,Mosteiro de São Vicente de Fora,http://commons.wikimedia.org/wiki/Special:FilePath/Igreja%20e%20Mosteiro%20de%20S%C3%A3o%20Vicente%20de%20Fora.jpg,Point(-9.127777777 38.714722222),São Vicente,http://www.google.com/search?q=Mosteiro%20de%20São%20Vicente%20de%20Fora,1147-01-01T00:00:00Z
48,Museu Municipal Leonel Trindade de Torres Vedras,http://commons.wikimedia.org/wiki/Special:FilePath/Igreja%20e%20Convento%20da%20Gra%C3%A7a%20%28Torres%20Vedras%29.jpg,Point(-9.25913889 39.09015556),"Santa Maria, São Pedro e Matacães",http://www.cm-tvedras.pt/viver/cultura/museu-municipal/,1929-01-01T00:00:00Z
49,Museu de Fotografia da Madeira,http://commons.wikimedia.org/wiki/Special:FilePath/Museu%20de%20Fotografia%20da%20Madeira%2C%20Funchal%2C%20Madeira%20-%20IMG%207295.jpg,Point(-16.91031 32.648915),Sé,http://photographiamuseuvicentes.gov-madeira.pt/,1848-01-01T00:00:00Z
50,Museu do Design e da Moda,http://commons.wikimedia.org/wiki/Special:FilePath/MUDE%20-%20Lisbon.jpg,Point(-9.137039 38.709189),Lisbon,http://www.mude.pt/,Desconhecida
51,Church of Saint Amaro (Beja),http://commons.wikimedia.org/wiki/Special:FilePath/BejaSantoAmaro2.jpg,Point(-7.866212 38.017702),Beja (Santiago Maior e São João Baptista),http://www.museuregionaldebeja.pt/?page_id=30,Desconhecida
52,Museu Nacional do Azulejo,http://commons.wikimedia.org/wiki/Special:FilePath/Madre%20Deus%20December%202012-3.jpg,Point(-9.11389 38.7244),Lisbon,http://mnazulejo.imc-ip.pt/,1960-01-01T00:00:00Z
53,Quinta da Regaleira,http://commons.wikimedia.org/wiki/Special:FilePath/PALACIO%20DA%20REGALEIRA%20II.jpg,Point(-9.39603056 38.79635278),"Sintra (Santa Maria e São Miguel, São Martinho e São Pedro de Penaferrim)",http://www.regaleira.pt,1697-01-01T00:00:00Z
54,Museu Municipal de Etnografia e História da Póvoa de Varzim,http://commons.wikimedia.org/wiki/Special:FilePath/Museu%20da%20Povoa.JPG,Point(-8.758211135 41.380550384),"União das Freguesias da Póvoa de Varzim, Beiriz e Argivai",http://www.google.com/search?q=Museu%20Municipal%20de%20Etnografia%20e%20História%20da%20Póvoa%20de%20Varzim,1937-01-01T00:00:00Z
55,Museu da Terra de Miranda,http://commons.wikimedia.org/wiki/Special:FilePath/At%20the%20main%20square%20I%20%2850958715016%29.jpg,Point(-6.274312 41.494315),Miranda do Douro,https://culturanorte.gov.pt/pt/patrimonio/museu-da-terra-de-miranda/,Desconhecida
56,Museu de Cinema de Melgaço,http://commons.wikimedia.org/wiki/Special:FilePath/Cinema%20Melgaco%202.jpg,Point(-8.26 42.114444444),Melgaço,http://www.google.com/search?q=Museu%20de%20Cinema%20de%20Melgaço,2005-06-03T00:00:00Z
57,Museu de Cinema de Melgaço,http://commons.wikimedia.org/wiki/Special:FilePath/Cinema%20Melgaco%202.jpg,Point(-8.26 42.11458333),Melgaço,http://www.google.com/search?q=Museu%20de%20Cinema%20de%20Melgaço,2005-06-03T00:00:00Z
58,Museu de Cinema de Melgaço,http://commons.wikimedia.org/wiki/Special:FilePath/Cinema%20Melgaco%202.jpg,Point(-8.26 42.114444444),Alto Minho Subregion,http://www.google.com/search?q=Museu%20de%20Cinema%20de%20Melgaço,2005-06-03T00:00:00Z
59,Museu de Cinema de Melgaço,http://commons.wikimedia.org/wiki/Special:FilePath/Cinema%20Melgaco%202.jpg,Point(-8.26 42.11458333),Alto Minho Subregion,http://www.google.com/search?q=Museu%20de%20Cinema%20de%20Melgaço,2005-06-03T00:00:00Z
60,Palácio de São Lourenço,http://commons.wikimedia.org/wiki/Special:FilePath/Pal%C3%A1cio%20de%20S%C3%A3o%20Louren%C3%A7o%2C%20Funchal%2C%20Madeira%20-%20IMG%202614.jpg,Point(-16.910197 32.647205),Sé,http://www.google.com/search?q=Palácio%20de%20São%20Lourenço,1490-01-01T00:00:00Z
61,Muralha primitiva,http://commons.wikimedia.org/wiki/Special:FilePath/Muralha%20Primitiva%20%28Porto%29.JPG,Point(-8.6105 41.143),"Cedofeita, Santo Ildefonso, Sé, Miragaia, São Nicolau e Vitória",http://www.google.com/search?q=Muralha%20primitiva,Desconhecida
62,Paço Ducal de Vila Viçosa,http://commons.wikimedia.org/wiki/Special:FilePath/Vila%20Vi%C3%A7osa%20September%202013-5a.jpg,Point(-7.42193611 38.78244444),Nossa Senhora da Conceição e São Bartolomeu,http://www.fcbraganca.pt/,Desconhecida
63,Casa Fernando Pessoa,http://commons.wikimedia.org/wiki/Special:FilePath/Casa%20Fernando%20Pessoa.jpg,Point(-9.16244 38.71663),Campo de Ourique,http://casafernandopessoa.cm-lisboa.pt/,1993-01-01T00:00:00Z
64,Museu da Água (Lisbon),http://commons.wikimedia.org/wiki/Special:FilePath/Museu%20da%20%C3%81gua.JPG,Point(-9.119167 38.719167),Lisbon,http://museudaagua.epal.pt/museudaagua/,1967-01-01T00:00:00Z
65,Nogueira da Silva Museum,http://commons.wikimedia.org/wiki/Special:FilePath/Museunogueirasilvabraga.jpg,Point(-8.421791 41.551911),Braga,http://www.mns.uminho.pt/,1975-01-01T00:00:00Z
66,Pius XII Museum,http://commons.wikimedia.org/wiki/Special:FilePath/800px-Museu%20Pio%20XII.JPG,Point(-8.426 41.5484),"Braga (Maximinos, Sé e Cividade)",http://www.museupioxii.com/,1957-01-01T00:00:00Z
67,Museu Rafael Bordalo Pinheiro,http://commons.wikimedia.org/wiki/Special:FilePath/Museu%20Bordalo%20Pinheiro.jpg,Point(-9.1542 38.7589),Alvalade,http://museubordalopinheiro.cm-lisboa.pt,Desconhecida
68,Museu Rafael Bordalo Pinheiro,http://commons.wikimedia.org/wiki/Special:FilePath/Museu%20Bordalo%20Pinheiro.jpg,Point(-9.1542 38.7589),Alvalade,http://museubordalopinheiro.pt,Desconhecida
69,Stringed Instruments Museum,http://commons.wikimedia.org/wiki/Special:FilePath/Museu%20dos%20Cordofones%20%2819%29.jpg,Point(-8.4725 41.488333333),Braga,http://www.google.com/search?q=Stringed%20Instruments%20Museum,1995-09-22T00:00:00Z
70,Stringed Instruments Museum,http://commons.wikimedia.org/wiki/Special:FilePath/Museu%20dos%20Cordofones%20%2819%29.jpg,Point(-8.4725 41.488333333),Tebosa,http://www.google.com/search?q=Stringed%20Instruments%20Museum,1995-09-22T00:00:00Z
71,Museu da Farmácia,http://commons.wikimedia.org/wiki/Special:FilePath/ANF1975.jpg,Point(-9.147351 38.71009),Misericórdia,http://www.museudafarmacia.pt,Desconhecida
72,Alfândega Nova,http://commons.wikimedia.org/wiki/Special:FilePath/Porto%20-%20Alf%C3%A2ndega.jpg,Point(-8.62165 41.143152777),"Cedofeita, Santo Ildefonso, Sé, Miragaia, São Nicolau e Vitória",http://www.google.com/search?q=Alfândega%20Nova,Desconhecida
73,Ermida de Santo António (Alcoutim),http://commons.wikimedia.org/wiki/Special:FilePath/Alcoutim%20%28Portugal%29%20%2833246438935%29.jpg,Point(-7.471484 37.471455),Alcoutim e Pereiro,http://www.google.com/search?q=Ermida%20de%20Santo%20António%20(Alcoutim),Desconhecida
74,Casa-Museu Egas Moniz,http://commons.wikimedia.org/wiki/Special:FilePath/Casa-Museu%20Egas%20Moniz%20-%20Avanca%20-%20Portugal%20%2831507625933%29.jpg,Point(-8.5892 40.80631667),Avanca,http://www.casamuseuegasmoniz.com/,1968-06-14T00:00:00Z
75,Casa-Oficina António Carneiro,http://commons.wikimedia.org/wiki/Special:FilePath/Casa%20Museu%20Antonio%20Carneiro%20by%20Henrique%20Matos%2002.jpg,Point(-8.59386944 41.14963611),Bonfim,http://www.cm-porto.pt/cultura/museus-e-arquivos/casa-oficina-antonio-carneiro,2009-01-01T00:00:00Z
76,Casa Colombo,http://commons.wikimedia.org/wiki/Special:FilePath/Casa%20Colombo%20Columbus%20House%20-%20Vila%20Baleira%20-%20Porto%20Santo%20%28Portugal%29%20%282180443749%29.jpg,Point(-16.335726 33.059417),Porto Santo,http://www.museucolombo-portosanto.com/intro.html,Desconhecida
77,Museu Almeida Moreira,http://commons.wikimedia.org/wiki/Special:FilePath/Casa%20Museu%20Almeida%20Moreira.jpg,Point(-7.913353 40.65854),Viseu,http://www.google.com/search?q=Museu%20Almeida%20Moreira,Desconhecida
78,Casa de Camilo Castelo Branco,http://commons.wikimedia.org/wiki/Special:FilePath/Casa%20de%20Camilo.JPG,Point(-8.46370833 41.39686111),Seide,http://www.camilocastelobranco.org/,Desconhecida
79,Casa do Despacho da venerável Ordem Terceira de São Francisco,http://commons.wikimedia.org/wiki/Special:FilePath/Casa%20Despacho%20Ordem%20S%20Francisco%20%28Porto%29.jpg,Point(-8.61632222 41.141025),"Cedofeita, Santo Ildefonso, Sé, Miragaia, São Nicolau e Vitória",http://www.google.com/search?q=Casa%20do%20Despacho%20da%20venerável%20Ordem%20Terceira%20de%20São%20Francisco,Desconhecida
80,Estação Elevatória a Vapor dos Barbadinhos,http://commons.wikimedia.org/wiki/Special:FilePath/Museu%20da%20%C3%81gua%20-%20Lisboa%20-%20Portugal%20%2839109886662%29.jpg,Point(-9.119542 38.719883),São Vicente,http://www.google.com/search?q=Estação%20Elevatória%20a%20Vapor%20dos%20Barbadinhos,Desconhecida
81,Reitoria da Universidade do Porto,http://commons.wikimedia.org/wiki/Special:FilePath/Reitoria%20Universidade%20%28Porto%29.JPG,Point(-8.6157 41.14655278),"Cedofeita, Santo Ildefonso, Sé, Miragaia, São Nicolau e Vitória",http://www.google.com/search?q=Reitoria%20da%20Universidade%20do%20Porto,Desconhecida
82,Madeira Story Centre,http://commons.wikimedia.org/wiki/Special:FilePath/MadeiraStoryCentre1.JPG,Point(-16.9025 32.647777777),Funchal,http://www.madeirastorycentre.com,Desconhecida
83,Madeira Story Centre,http://commons.wikimedia.org/wiki/Special:FilePath/MadeiraStoryCentre1.JPG,Point(-16.9025 32.647777777),Madeira,http://www.madeirastorycentre.com,Desconhecida
84,Madeira Story Centre,http://commons.wikimedia.org/wiki/Special:FilePath/MadeiraStoryCentre1.JPG,Point(-16.9025 32.647777777),Santa Maria Maior,http://www.madeirastorycentre.com,Desconhecida
85,Moinho de Papel de Leiria,http://commons.wikimedia.org/wiki/Special:FilePath/Paper%20museum%20%28Museu%20do%20moinho%20do%20papel%29.JPG,Point(-8.800669444 39.740277777),"Leiria, Pousos, Barreira e Cortes",http://www.google.com/search?q=Moinho%20de%20Papel%20de%20Leiria,Desconhecida
86,"Mosteiro de Jesus, compreendendo o túmulo de Santa Joana",http://commons.wikimedia.org/wiki/Special:FilePath/Mosteiro%20de%20Jesus%20-%20museu%20de%20Aveiro.jpg,Point(-8.65116888 40.63942841),Glória e Vera Cruz,"http://www.google.com/search?q=Mosteiro%20de%20Jesus,%20compreendendo%20o%20túmulo%20de%20Santa%20Joana",Desconhecida
87,Museu Anjos Teixeira,http://commons.wikimedia.org/wiki/Special:FilePath/Statue%20Anges%20Teixeira%20Sintra%201.jpg,Point(-9.387244064 38.796851654),"Sintra (Santa Maria e São Miguel, São Martinho e São Pedro de Penaferrim)",http://museuvirtual.cm-sintra.pt/mat/,1976-01-01T00:00:00Z
88,Museu António Medeiros e Almeida,http://commons.wikimedia.org/wiki/Special:FilePath/Casa%20Museu%20Ant%C3%B3nio%20Medeiros%20e%20Almeida.jpg,Point(-9.14911 38.72158),Lisbon,http://www.casa-museumedeirosealmeida.pt,Desconhecida
89,Casa Museu José Régio,http://commons.wikimedia.org/wiki/Special:FilePath/Casa%20do%20Poeta%20Jos%C3%A9%20R%C3%A9gio%20-%20fachada.jpg,Point(-7.429779 39.288734),Sé e São Lourenço,http://www.cm-portalegre.pt/es/atividade-municipal/cultura/museus,Desconhecida
90,Museu Marítimo de Ílhavo,http://commons.wikimedia.org/wiki/Special:FilePath/MuseuMaritimoIlhavo1.JPG,Point(-8.666087 40.604333),Ílhavo (São Salvador),http://www.museumaritimo.cm-ilhavo.pt/,1937-08-08T00:00:00Z
91,Museu Militar de Lisboa,http://commons.wikimedia.org/wiki/Special:FilePath/M%20militar%20lisboa.jpg,Point(-9.124201 38.713195),Santa Maria Maior,http://www.exercito.pt/sites/MusMilLisboa/,1842-01-01T00:00:00Z
92,Museu Monográfico de Conímbriga,http://commons.wikimedia.org/wiki/Special:FilePath/Conimbriga%20museu%20monografico.JPG,Point(-8.490222222 40.098361111),Condeixa-a-Nova,http://www.conimbriga.gov.pt/index.html,Desconhecida
93,Museu Nacional da Imprensa,http://commons.wikimedia.org/wiki/Special:FilePath/Revolutionary%20machinery%20%281142690619%29.jpg,Point(-8.57668333 41.14340833),Campanhã,http://www.museudaimprensa.pt/,Desconhecida
94,Museu da Escrita do Sudoeste,http://commons.wikimedia.org/wiki/Special:FilePath/Escrita%20sudoeste%20by%20Henrique%20Matos%20002A.jpg,Point(-8.061111111 37.512222222),Almodôvar,http://www.google.com/search?q=Museu%20da%20Escrita%20do%20Sudoeste,2007-09-29T00:00:00Z
95,Museu de Arte Popular (Lisboa),http://commons.wikimedia.org/wiki/Special:FilePath/Museu%20Arte%20Popular%20-%20Lisboa.JPG,Point(-9.208366 38.693658),Belém,https://museuartepopular.wordpress.com/,Desconhecida
96,Museu de Lamego,http://commons.wikimedia.org/wiki/Special:FilePath/Lamego-Museu%20de%20Lamego.-20140912.jpg,Point(-7.806273 41.09743),Lamego (Almacave e Sé),http://www.museudelamego.pt/,1917-01-01T00:00:00Z
97,Museu de Lamego,http://commons.wikimedia.org/wiki/Special:FilePath/Lamego-Museu%20de%20Lamego.-20140912.jpg,Point(-7.806273 41.09743),Lamego (Almacave e Sé),https://museudelamego.gov.pt/,1917-01-01T00:00:00Z
98,Museu de Marionetas do Porto,http://commons.wikimedia.org/wiki/Special:FilePath/Museu%20de%20Marionetas%20do%20Porto%2002.JPG,Point(-8.61660556 41.14252778),"Cedofeita, Santo Ildefonso, Sé, Miragaia, São Nicolau e Vitória",http://marionetasdoporto.pt/en/museu-das-marionetas-do-porto/,2012-02-03T00:00:00Z
99,Museu de Olaria (Barcelos),http://commons.wikimedia.org/wiki/Special:FilePath/Barcelos%20Pottery%20Museum6.JPG,Point(-8.620786111 41.529888888),Barcelos,http://www.google.com/search?q=Museu%20de%20Olaria%20(Barcelos),1963-05-04T00:00:00Z
100,Museu de São Roque,http://commons.wikimedia.org/wiki/Special:FilePath/Museu%20de%20S.%20Roque.jpg,Point(-9.1432 38.7134),Lisbon,http://www.museudesaoroque.com/Home.aspx,Desconhecida
101,Museu do Brinquedo,http://commons.wikimedia.org/wiki/Special:FilePath/Museu%20do%20Brinquedo%2C%20Sintra%2002.JPG,Point(-9.38183889 38.79087778),"Sintra (Santa Maria e São Miguel, São Martinho e São Pedro de Penaferrim)",http://www.museu-do-brinquedo.pt/,Desconhecida
102,Museu do Brinquedo Português,http://commons.wikimedia.org/wiki/Special:FilePath/Museu%20do%20Brinquedo%20Portugu%C3%AAs%2008.JPG,Point(-8.589055555 41.769833333),Ponte de Lima,http://www.google.com/search?q=Museu%20do%20Brinquedo%20Português,2012-01-01T00:00:00Z
103,Museu do Ciclismo,http://commons.wikimedia.org/wiki/Special:FilePath/M%20ciclismo%203.jpg,Point(-9.13412285 39.40303802),Caldas da Rainha,http://www.google.com/search?q=Museu%20do%20Ciclismo,Desconhecida
104,Museu do Hospital e das Caldas,http://commons.wikimedia.org/wiki/Special:FilePath/Museu%20hosp%20termal%201.jpg,Point(-9.13197 39.4034),Caldas da Rainha,https://museudohospital.wordpress.com/,Desconhecida
105,Museu do Ouro de Travassos,http://commons.wikimedia.org/wiki/Special:FilePath/Museu%20do%20Ouro.JPG,Point(-8.20167222 41.57299167),Póvoa de Lanhoso,http://alfena6.wixsite.com/museudoouro_2,2001-05-03T00:00:00Z
106,Museu dos Baleeiros,http://commons.wikimedia.org/wiki/Special:FilePath/2010%20mai%2021%2024%20pico%20e%20faial%20%2889%29.JPG,Point(-28.253663 38.396564),Lajes do Pico,http://cm-lajesdopico.pt/lajes-do-pico/locais-de-interesse,Desconhecida
107,Museu dos Terceiros,http://commons.wikimedia.org/wiki/Special:FilePath/Ponte%20de%20Lima-Museo%20dos%20Terceiros%2001.jpg,Point(-8.58708889 41.76496389),Ponte de Lima,http://www.museuspontedelima.com,Desconhecida
108,Pavilhão da Água,http://commons.wikimedia.org/wiki/Special:FilePath/Pavilh%C3%A3o%20da%20%C3%81gua.jpg,Point(-8.67652222 41.17140278),"Aldoar, Foz do Douro e Nevogilde",http://www.google.com/search?q=Pavilhão%20da%20Água,Desconhecida
109,Reservatório da Mãe d'Água das Amoreiras,http://commons.wikimedia.org/wiki/Special:FilePath/Museu%20da%20%C3%81gua.JPG,Point(-9.155754 38.72127),Santo António (Lisbon),http://www.google.com/search?q=Reservatório%20da%20Mãe%20d'Água%20das%20Amoreiras,Desconhecida
110,Museu Arqueológico de São Miguel de Odrinhas,http://commons.wikimedia.org/wiki/Special:FilePath/Ru%C3%ADnas%20Odrinhas%20%283%29.jpg,Point(-9.366289 38.88709),São João das Lampas e Terrugem,http://museuarqueologicodeodrinhas.cm-sintra.pt,Desconhecida
111,Edifício e Igreja da Santa Casa da Misericórdia da Lourinhã,http://commons.wikimedia.org/wiki/Special:FilePath/Santa%20casa%20da%20merisecoredia.JPG,Point(-9.314553 39.242879),Lourinhã e Atalaia,http://www.google.com/search?q=Edifício%20e%20Igreja%20da%20Santa%20Casa%20da%20Misericórdia%20da%20Lourinhã,Desconhecida
112,Solar do Ribeirinho,http://commons.wikimedia.org/wiki/Special:FilePath/Solar%20do%20Ribeirinho%2C%20Madeira%20-%20IMG%208811%20%28corr.%29.jpg,Point(-16.76744 32.71843),Machico,http://www.google.com/search?q=Solar%20do%20Ribeirinho,Desconhecida
113,Museu CR7,http://commons.wikimedia.org/wiki/Special:FilePath/Museu%20CR7%20Funchal%202016.JPG,Point(-16.91385 32.64409),Funchal,https://www.museucr7.com/,2013-01-01T00:00:00Z
114,Museu CR7,http://commons.wikimedia.org/wiki/Special:FilePath/Museu%20CR7%20Funchal%202016.JPG,Point(-16.91385 32.64409),Madeira,https://www.museucr7.com/,2013-01-01T00:00:00Z
115,Museu CR7,http://commons.wikimedia.org/wiki/Special:FilePath/Museu%20CR7%20Funchal%202016.JPG,Point(-16.91385 32.64409),Sé,https://www.museucr7.com/,2013-01-01T00:00:00Z
116,Museu de Alberto Sampaio,http://commons.wikimedia.org/wiki/Special:FilePath/Museu%20Alberto%20Sampaio%20-%20panoramio.jpg,Point(-8.292277777 41.442638888),"Oliveira, São Paio e São Sebastião",https://www.museualbertosampaio.gov.pt/,1928-01-01T00:00:00Z
117,Museu de Cerâmica de Sacavém,http://commons.wikimedia.org/wiki/Special:FilePath/Museu%20da%20Cer%C3%A2mica%20de%20Sacav%C3%A9m.jpg,Point(-9.102435127 38.794188701),Sacavém,https://www.cm-loures.pt/AreaConteudo.aspx?DisplayId=776,Desconhecida
118,Museu da Presidência da República,http://commons.wikimedia.org/wiki/Special:FilePath/Museu%20da%20Presidencia%20da%20Rep%C3%BAblica%20Palacio%20de%20Belem%20090108.JPG,Point(-9.2011986 38.6973754),Lisbon,http://www.museu.presidencia.pt/,Desconhecida
119,Casa do Cais Novo,http://commons.wikimedia.org/wiki/Special:FilePath/Museu%20Vinho%20do%20Porto%20%28Porto%29.JPG,Point(-8.62675 41.14498),Lordelo do Ouro e Massarelos,http://www.google.com/search?q=Casa%20do%20Cais%20Novo,Desconhecida
120,World of Discoveries,http://commons.wikimedia.org/wiki/Special:FilePath/World%20of%20Discoveries%20%281%29.JPG,Point(-8.620849 41.143447),"Cedofeita, Santo Ildefonso, Sé, Miragaia, São Nicolau e Vitória",https://www.worldofdiscoveries.com/,2014-04-25T00:00:00Z
121,Museu Quinta das Cruzes,http://commons.wikimedia.org/wiki/Special:FilePath/Museu%20da%20Quinta%20das%20Cruzes%20-%202014-05-11.jpg,Point(-16.913897 32.651054),São Pedro,http://www.museuquintadascruzes.com,1946-12-19T00:00:00Z
122,Museu Quinta das Cruzes,http://commons.wikimedia.org/wiki/Special:FilePath/Museu%20da%20Quinta%20das%20Cruzes%20-%202014-05-11.jpg,Point(-16.913897 32.651054),São Pedro,https://mqc.madeira.gov.pt/,1946-12-19T00:00:00Z
123,Igreja de Nossa Senhora da Conceição (Beja),http://commons.wikimedia.org/wiki/Special:FilePath/Beja09.jpg,Point(-7.863016 38.013892),Beja (Salvador e Santa Maria da Feira),http://www.museuregionaldebeja.pt,Desconhecida
124,Museu Militar do Buçaco,http://commons.wikimedia.org/wiki/Special:FilePath/Museu%20Militar%20do%20Bucaco%20%2847%29.JPG,Point(-8.359444444 40.378888888),Luso,http://www.google.com/search?q=Museu%20Militar%20do%20Buçaco,1910-09-27T00:00:00Z
125,Museu da Misericórdia do Porto,http://commons.wikimedia.org/wiki/Special:FilePath/Museu%20da%20Miseric%C3%B3rdia%20do%20Porto%2002.JPG,Point(-8.614511 41.143693),"Cedofeita, Santo Ildefonso, Sé, Miragaia, São Nicolau e Vitória",http://www.mmipo.pt/,Desconhecida
126,Aliança Underground Museum,http://commons.wikimedia.org/wiki/Special:FilePath/Alian%C3%A7a%20Underground%20Museum-Exterior%20%286%29.JPG,Point(-8.471666666 40.489444444),Sangalhos,http://www.bacalhoa.pt/enoturismo/alianca-underground-museum,2010-04-24T00:00:00Z
127,Museu Alvarinho,http://commons.wikimedia.org/wiki/Special:FilePath/Museu%20Alvarinho%20%2817%29.jpg,Point(-8.481807 42.078613),Monção,http://www.google.com/search?q=Museu%20Alvarinho,2015-02-28T00:00:00Z
128,Igreja e Hospital da Santa Casa da Misericórdia de Elvas,http://commons.wikimedia.org/wiki/Special:FilePath/Elvas%20-%20Largo%20da%20Miseric%C3%B3rdia.JPG,Point(-7.165067 38.879641),"Assunção, Ajuda, Salvador e Santo Ildefonso",http://www.google.com/search?q=Igreja%20e%20Hospital%20da%20Santa%20Casa%20da%20Misericórdia%20de%20Elvas,Desconhecida
129,Paços municipais de Guimarães,http://commons.wikimedia.org/wiki/Special:FilePath/Guimar%C3%A3es-Altstadt-4.jpg,Point(-8.292999 41.443186),"Oliveira, São Paio e São Sebastião",http://www.google.com/search?q=Paços%20municipais%20de%20Guimarães,Desconhecida
130,Casa-Museu Frederico de Freitas,http://commons.wikimedia.org/wiki/Special:FilePath/Casa-Museu%20Frederico%20de%20Freitas%2C%20Funchal%20-%202013-05-18%20-%20DSC01919.jpg,Point(-16.912583333 32.650166666),São Pedro,http://www.google.com/search?q=Casa-Museu%20Frederico%20de%20Freitas,Desconhecida
131,Museu da Cultura Castreja,http://commons.wikimedia.org/wiki/Special:FilePath/Museu%20da%20Cultura%20Castreja.jpg,Point(-8.32525 41.520444444),Guimarães,http://www.google.com/search?q=Museu%20da%20Cultura%20Castreja,Desconhecida
132,Museu do Douro,http://commons.wikimedia.org/wiki/Special:FilePath/Museu%20do%20Douro%20%2847451262391%29.jpg,Point(-7.789964 41.161557),Peso da Régua e Godim,http://www.museudodouro.pt,Desconhecida
133,Museu do Traje de Viana do Castelo,http://commons.wikimedia.org/wiki/Special:FilePath/Museu%20do%20Traje.jpg,Point(-8.828611111 41.692888888),Viana do Castelo,http://www.cm-viana-castelo.pt/pt/mt-apresentacao,Desconhecida
134,Museu Municipal do Bombarral,http://commons.wikimedia.org/wiki/Special:FilePath/Museu%20Municipal%20do%20Bombarral%20Estatu%C3%A1ria4.jpg,Point(-9.155169 39.268886),Bombarral,http://www.cm-bombarral.pt/Turismo,Desconhecida
135,Museu de História Natural e da Ciência da Universidade do Porto,http://commons.wikimedia.org/wiki/Special:FilePath/20200130%20PortoUni%203326%20%2849650927596%29.jpg,Point(-8.642594 41.153555),Porto,http://www.google.com/search?q=Museu%20de%20História%20Natural%20e%20da%20Ciência%20da%20Universidade%20do%20Porto,Desconhecida
136,Museu de História Natural e da Ciência da Universidade do Porto,http://commons.wikimedia.org/wiki/Special:FilePath/Galeria%20da%20Biodiversidade%20%2826%29.jpg,Point(-8.642594 41.153555),Porto,http://www.google.com/search?q=Museu%20de%20História%20Natural%20e%20da%20Ciência%20da%20Universidade%20do%20Porto,Desconhecida
137,Museu de História Natural e da Ciência da Universidade do Porto,http://commons.wikimedia.org/wiki/Special:FilePath/20200130%20PortoUni%203326%20%2849650927596%29.jpg,Point(-8.615649 41.146823),Porto,http://www.google.com/search?q=Museu%20de%20História%20Natural%20e%20da%20Ciência%20da%20Universidade%20do%20Porto,Desconhecida
